concentration,dG
0.4946,0.47362
0.93566,0.93383
1.37841,1.17038
1.78752,1.3154
2.17867,1.08465
2.5619,1.72765
3.28139,1.89863
3.97407,2.89222
4.25974,1.98155
