concentration,dG
0.22651,-0.04284
0.44334,-0.0937
0.68007,-0.12576
0.90578,-0.20354
1.14746,-0.22236
1.37711,-0.27948
1.61923,-0.37052
