concentration,TdS
1.7472,2.90699
3.50872,8.01613
5.03342,10.74982
