conc2,conc3,dG
0.0001,0.0001,0.0001
0.0001,0.23633,-0.15058
0.0001,0.42002,-0.20932
0.0001,0.56689,-0.34106
0.0001,0.687,-0.40386
0.0001,0.78705,-0.48333
0.0001,0.78913,-0.48364
0.0001,0.95123,-0.61465
0.0001,1.07308,-0.65249
0.0001,1.16802,-0.777
0.0001,1.24408,-0.82657
0.0001,1.30637,-0.7724
0.0001,0.0001,0.0001
0.22651,0.0001,-0.04284
0.44334,0.0001,-0.0937
0.68007,0.0001,-0.12576
0.90578,0.0001,-0.20354
1.14746,0.0001,-0.22236
1.37711,0.0001,-0.27948
0.0001,0.29926,-0.23395
0.2953,0.29926,-0.2563
0.5978,0.29926,-0.26358
0.89832,0.29926,-0.35123
1.19561,0.29926,-0.45468
1.79341,0.29926,-0.61879
0.0001,0.60187,-0.42426
0.30122,0.60187,-0.42147
0.60244,0.60187,-0.45066
0.90365,0.60187,-0.4623
1.20487,0.60187,-0.67505
0.30052,0.80396,-0.56246
0.60104,0.80396,-0.64597
0.90156,0.80396,-0.68344
1.20207,0.80396,-0.85559
0.0001,1.18843,-0.8773
0.29991,1.18843,-0.9175
0.59983,1.18843,-0.86057
0.89974,1.18843,-1.03612
1.19965,1.18843,-1.08817
