concentration,dG
0.23633,-0.15058
0.42002,-0.20932
0.56689,-0.34106
0.687,-0.40386
0.78705,-0.48333
0.78913,-0.48364
0.95123,-0.61465
1.07308,-0.65249
1.16802,-0.777
1.24408,-0.82657
1.30637,-0.7724
