concentration,TdS
0.4,-0.32081
0.8,-0.7036
1.2,-0.83692
