concentration,TdS
1.26639,-2.78357
2.26212,-4.35525
3.75864,-5.45652
