conc2,conc3,dH
0.0001,0.0001,0.0001
0.0001,1.26639,-3.4228
0.0001,2.26212,-5.78584
0.0001,3.75864,-6.79886
1.7472,0.0001,4.08158
1.75676,1.13109,2.61398
1.7443,2.0227,-0.25312
1.75676,3.35798,-2.64527
3.50872,0.0001,10.45881
3.49669,0.99725,8.82136
3.49805,1.78198,4.98819
3.49669,2.96117,3.8098
5.03342,0.0001,14.21102
5.00665,0.88088,12.57165
5.0046,1.57519,10.31286
5.00665,2.6168,8.41403
