concentration,dH
0.4,-0.39858
0.8,-0.86658
1.2,-1.12813
