concentration,dH
1.7472,4.08158
3.50872,10.45881
5.03342,14.21102
