conc2,conc3,TdS
0.0001,0.0001,0.0001
0.0001,1.26639,-2.78357
0.0001,2.26212,-4.35525
0.0001,3.75864,-5.45652
1.7472,0.0001,2.90699
1.75676,1.13109,2.10216
1.7443,2.0227,-0.62149
1.75676,3.35798,-2.46878
3.50872,0.0001,8.01613
3.49669,0.99725,7.32568
3.49805,1.78198,3.61599
3.49669,2.96117,3.00805
5.03342,0.0001,10.74982
5.00665,0.88088,10.0139
5.0046,1.57519,8.25805
5.00665,2.6168,6.77793
