concentration,dG
0.50086,-0.29763
0.99967,-0.43983
1.50328,-0.54424
2.00414,-0.64382
2.50585,-0.84241
2.99193,-0.85402
3.50536,-1.11126
4.02097,-1.32717
