conc2,conc3,dH
0.001,0.001,0.0
0.4,0.001,-0.39858
0.8,0.001,-0.86658
1.2,0.001,-1.12813
0.001,0.4,-1.05416
0.6,0.4,-2.14678
1.2,0.4,-2.94217
0.001,0.8,-1.95306
0.6,0.8,-3.50891
0.001,1.2,-2.73265
0.6,1.2,-4.02642
