conc2,conc3,TdS
0.001,0.001,0.0
0.4,0.001,-0.32081
0.8,0.001,-0.7036
1.2,0.001,-0.83692
0.001,0.4,-0.6111
0.6,0.4,-1.82704
1.2,0.4,-2.24763
0.001,0.8,-1.4021
0.6,0.8,-2.70382
0.001,1.2,-1.8783
0.6,1.2,-2.85952
