concentration,dG,dH,TdS
0.50086,-0.29763,,
0.99967,-0.43983,,
1.26639,,-3.4228,-2.78357
1.50328,-0.54424,,
2.00414,-0.64382,,
2.26212,,-5.1625,-4.35525
2.50585,-0.84241,,
2.99193,-0.85402,,
3.50536,-1.11126,,
3.75864,,-6.79886,-5.45652
4.02097,-1.32717,,
