concentration,dH
0.4,-1.05416
0.8,-1.95306
1.2,-2.73265
