concentration,dH
1.26639,-3.4228
2.26212,-5.1625
3.75864,-6.79886
