concentration,dG,dH,TdS
0.22651,-0.04284,,
0.4,,-0.39858,-0.32081
0.44334,-0.0937,,
0.68007,-0.12576,,
0.8,,-0.86658,-0.7036
0.90578,-0.20354,,
1.14746,-0.22236,,
1.2,,-1.12813,-0.83692
1.37711,-0.27948,,
1.61923,-0.37052,,
