conc2,conc3,dH
0.0001,0.0001,0.0001
0.0001,0.75243,0.73278
0.0001,1.49869,1.30079
0.0001,0.25248,0.15638
0.0001,0.49657,0.5924
1.00883,0.0001,-0.17047
1.51153,0.68303,-0.55277
1.0045,0.237,-0.00928
1.00095,0.46624,0.03319
2.01187,0.0001,-0.61971
3.01865,0.61383,-0.65491
2.00051,1.31459,0.06875
2.01404,0.22145,-0.2675
1.99245,0.43619,-0.3564
3.00919,0.0001,-0.91462
4.52139,0.54483,0.21323
3.00413,0.2062,-0.56108
3.00151,0.40562,-0.31856
