concentration,dH
0.4,-0.38251
0.8,-0.90463
1.2,-1.77274
