concentration,dG
0.16483,-0.21341
0.34045,-0.50203
0.51656,-0.89785
0.68591,-1.19804
0.82597,-1.37944
0.95904,-1.81451
1.07015,-1.96279
0.29679,-0.52468
0.5974,-0.86793
0.87377,-1.36569
1.19841,-1.80358
