concentration,dH
1.00883,-0.17047
2.01187,-0.61971
3.00919,-0.91462
