concentration,dH
0.4,-1.83336
0.6,-2.77556
0.8,-3.35264
1.2,-5.09285
