concentration,dG,dH,TdS
0.25248,,0.15638,0.43614
0.331275275,-0.11864,,
0.49657,,0.5924,0.96617
0.653711811,-0.27213,,
0.75243,,0.73278,1.23512
0.971941051,-0.53398,,
1.0074,-0.34858,,
1.281386631,-0.44781,,
1.49115,-0.28659,,
1.49869,,1.30079,2.15693
1.584543193,-0.69334,,
1.871961742,-0.7007,,
1.98683,-0.72279,,
