concentration,dG,dH,TdS
0.16483,-0.21341,,
0.29679,-0.52468,,
0.34045,-0.50203,,
0.4,,-1.83336,-1.27855
0.51656,-0.89785,,
0.5974,-0.86793,,
0.6,,-2.77556,-1.88368
0.68591,-1.19804,,
0.8,,-3.35264,-2.08214
0.82597,-1.37944,,
0.87377,-1.36569,,
0.95904,-1.81451,,
1.07015,-1.96279,,
1.19841,-1.80358,,
1.2,,-5.09285,-3.52216
