concentration,TdS
1.00883,-0.49882
2.01187,-1.16787
3.00919,-1.59218
