concentration,dG,dH,TdS
1.00883,,-0.17047,-0.49882
1.00946,0.26402,,
2.00456,0.51905,,
2.01187,,-0.61971,-1.16787
3.00919,,-0.91462,-1.59218
3.01241,0.65477,,
4.0031,0.99839,,
5.02978,0.90865,,
