concentration,dG
0.2323,-0.03976
0.45486,-0.14299
0.69807,-0.17101
0.93017,-0.18925
1.17892,-0.35301
1.41552,-0.35407
