conc2,conc3,dH
0.001,0.001,0.0
0.4,0.001,-0.38251
0.8,0.001,-0.90463
1.2,0.001,-1.77274
0.001,0.4,-1.83336
0.4,0.4,-3.15303
1.2,0.4,-4.5508
0.001,0.6,-2.77556
0.001,0.8,-3.35264
0.4,0.8,-5.72722
1.2,0.8,-6.56467
0.001,1.2,-5.09285
0.6,1.2,-8.17241
1.2,1.2,-6.44717
