conc2,conc3,TdS
0.0001,0.0001,0.0001
0.0001,0.75243,1.23512
0.0001,1.49869,2.15693
0.0001,0.25248,0.43614
0.0001,0.49657,0.96617
1.00883,0.0001,-0.49882
1.51153,0.68303,-0.45522
1.0045,0.237,-0.2508
1.00095,0.46624,-0.03171
2.01187,0.0001,-1.16787
3.01865,0.61383,-1.02584
2.00051,1.31459,0.23004
2.01404,0.22145,-0.90607
1.99245,0.43619,-0.75384
3.00919,0.0001,-1.59218
4.52139,0.54483,-0.48186
3.00413,0.2062,-1.38588
3.00151,0.40562,-0.9433
