concentration,TdS
0.25248,0.43614
0.49657,0.96617
0.75243,1.23512
