concentration,TdS
0.4,-0.33046
0.8,-0.72597
1.2,-1.29556
