concentration,dG
1.00946,0.26402
2.00456,0.51905
3.01241,0.65477
4.0031,0.99839
5.02978,0.90865
