concentration,dH
0.25248,0.15638
0.49657,0.5924
0.75243,0.73278
