conc2,conc3,TdS
0.001,0.001,0.0
0.4,0.001,-0.33046
0.8,0.001,-0.72597
1.2,0.001,-1.29556
0.001,0.4,-1.27855
0.4,0.4,-2.41546
1.2,0.4,-3.58839
0.001,0.6,-1.88368
0.001,0.8,-2.08214
0.4,0.8,-4.42575
1.2,0.8,-5.19965
0.001,1.2,-3.52216
0.6,1.2,-6.25534
1.2,1.2,-4.30791
