concentration,TdS
0.4,-1.27855
0.6,-1.88368
0.8,-2.08214
1.2,-3.52216
