concentration,dG,dH,TdS
0.2323,-0.03976,,
0.4,,-0.38251,-0.33046
0.45486,-0.14299,,
0.69807,-0.17101,,
0.8,,-0.90463,-0.72597
0.93017,-0.18925,,
1.17892,-0.35301,,
1.2,,-1.77274,-1.29556
1.41552,-0.35407,,
